date,total_equity,trx_balance,trx_liquidation_price,trx_price
20260822,2507,7263,0.440,0.343
20260823,2524,7319,0.440,0.344
20260824,2556,7439,0.440,0.344
20260825,2582,7526,0.440,0.342
20260826,2644,7742,0.440,0.334
20260827,2777,8254,0.441,0.336
20260828,2734,8084,0.442,0.338
20260829,2739,8092,0.442,0.338
20260830,2713,7997,0.442,0.339
20260831,2721,7991,0.443,0.340
20260901,2907,8723,0.443,0.333
20260902,3120,9639,0.444,0.324
20260903,3112,9562,0.444,0.324
20260904,2942,8876,0.444,0.331
20260905,2939,8857,0.444,0.332
20260906,2882,8622,0.444,0.334
20260907,2863,8545,0.445,0.335
20260908,2889,8632,0.445,0.334
20260909,2832,8403,0.445,0.337
20260910,2796,8240,0.445,0.338
20260911,2795,8233,0.445,0.338
20260912,2853,8467,0.445,0.336
20260913,2783,8187,0.440,0.339
20260914,2738,8007,0.441,0.341
20260915,2773,8151,0.441,0.339
20260916,2973,8948,0.441,0.332
20260917,2891,8606,0.441,0.335
20260918,2905,8646,0.441,0.335
20260919,2818,8317,0.441,0.338
20260920,2803,8255,0.441,0.339
20260921,2698,7863,0.441,0.343
20260922,2664,7740,0.441,0.344
20260923,2721,7960,0.440,0.341
20260924,2761,8122,0.440,0.339
20260925,2750,8071,0.440,0.340
20260927,2862,8511,0.440,0.336
20260928,2911,8711,0.440,0.334
20260929,2873,8557,0.441,0.335
20260930,2901,8658,0.441,0.334
20261001,2815,8333,0.440,0.337
20261002,2877,8574,0.440,0.335
20261003,2897,8663,0.440,0.334
20261004,2860,8511,0.440,0.335
20261005,2870,8549,0.440,0.335
20261006,2852,8478,0.440,0.336
20261007,2866,8534,0.440,0.335
20261008,2878,8587,0.440,0.335
